,Job,Create,Start
0,a01,2023-10-06 15:53:09,2023-10-06 15:53:09
1,a02,2023-10-06 15:48:53,2023-10-06 15:48:53
2,a03,2023-10-06 16:43:35,2023-10-06 16:49:03
3,a04,2023-10-06 16:04:51,2023-10-06 16:10:26
4,b01,2023-10-06 16:21:28,2023-10-06 16:21:28
5,b02,2023-10-06 15:58:10,2023-10-06 15:58:10
6,b03,2023-10-06 16:32:34,2023-10-06 16:38:07
7,b04,2023-10-06 15:50:03,2023-10-06 15:50:03
8,c01,2023-10-06 16:26:52,2023-10-06 16:27:15
9,c02,2023-10-06 15:51:09,2023-10-06 15:51:09
10,c03,2023-10-06 15:53:58,2023-10-06 15:54:58
11,c04,2023-10-06 15:52:03,2023-10-06 15:52:04
12,d01,2023-10-06 16:15:54,2023-10-06 16:21:28
13,d02,2023-10-06 16:21:29,2023-10-06 16:26:51
14,d03,2023-10-06 16:10:27,2023-10-06 16:10:27
15,d04,2023-10-06 15:55:00,2023-10-06 15:58:10
16,e01,2023-10-06 16:38:08,2023-10-06 16:43:35
17,e02,2023-10-06 16:27:16,2023-10-06 16:32:33
18,e03,2023-10-06 15:58:11,2023-10-06 16:04:51
19,e04,2023-10-06 16:10:27,2023-10-06 16:15:53
